{"stats":{"minecraft:mined":{"minecraft:grass":1,"minecraft:oak_log":1,"minecraft:birch_leaves":1,"minecraft:oak_leaves":3},"minecraft:picked_up":{"minecraft:oak_log":1,"minecraft:peony":1},"minecraft:custom":{"minecraft:jump":40,"minecraft:time_since_rest":1462,"minecraft:damage_dealt":22,"minecraft:damage_taken":260,"minecraft:leave_game":1,"minecraft:play_time":5632,"minecraft:sprint_one_cm":1940,"minecraft:time_since_death":1440,"minecraft:walk_one_cm":4567,"minecraft:deaths":1,"minecraft:total_world_time":5632,"minecraft:fall_one_cm":1202,"minecraft:fly_one_cm":4052},"minecraft:killed_by":{"apollyon:the_damned":1}},"DataVersion":3465}