{"stats":{"minecraft:mined":{"minecraft:birch_leaves":1,"minecraft:crafting_table":3,"minecraft:grass":3,"minecraft:oak_log":34,"minecraft:tall_grass":3,"minecraft:cobblestone":1,"minecraft:stone":57,"minecraft:oak_leaves":13,"minecraft:wall_torch":2},"minecraft:dropped":{"minecraft:cooked_porkchop":2},"minecraft:crafted":{"minecraft:oak_planks":72,"minecraft:charcoal":3,"minecraft:cooked_porkchop":9,"minecraft:crafting_table":1,"minecraft:stick":12,"minecraft:wooden_pickaxe":1,"minecraft:stone_pickaxe":1,"minecraft:wooden_axe":1,"minecraft:furnace":1,"minecraft:torch":4,"minecraft:stone_axe":1},"minecraft:used":{"minecraft:oak_log":1,"minecraft:wooden_axe":39,"minecraft:stone_pickaxe":49,"minecraft:wooden_pickaxe":9,"minecraft:stone_axe":18,"minecraft:torch":6,"minecraft:crafting_table":4,"minecraft:furnace":1,"minecraft:cooked_porkchop":2},"minecraft:picked_up":{"minecraft:crafting_table":3,"minecraft:leather":5,"minecraft:torch":2,"minecraft:porkchop":8,"minecraft:oak_log":33,"minecraft:dirt":4,"minecraft:peony":1,"minecraft:beef":7,"minecraft:oak_sapling":1,"minecraft:cobblestone":57},"minecraft:custom":{"minecraft:time_since_rest":13359,"minecraft:sprint_one_cm":41956,"minecraft:interact_with_furnace":11,"minecraft:damage_taken":276,"minecraft:walk_one_cm":43069,"minecraft:mob_kills":7,"minecraft:drop":2,"minecraft:damage_dealt":774,"minecraft:interact_with_crafting_table":6,"minecraft:fly_one_cm":38469,"minecraft:play_time":17529,"minecraft:deaths":1,"minecraft:jump":209,"minecraft:leave_game":2,"minecraft:time_since_death":13337,"minecraft:total_world_time":17529,"minecraft:fall_one_cm":4726},"minecraft:killed":{"minecraft:pig":3,"minecraft:cow":4},"minecraft:killed_by":{"apollyon:the_damned":1}},"DataVersion":3465}