{"stats":{"minecraft:broken":{"minecraft:stone_pickaxe":1},"minecraft:mined":{"minecraft:furnace":1,"minecraft:birch_leaves":1,"minecraft:torch":1,"minecraft:crafting_table":5,"minecraft:grass":5,"minecraft:coal_ore":6,"minecraft:grass_block":1,"minecraft:oak_log":34,"minecraft:gravel":4,"minecraft:dirt":23,"minecraft:copper_ore":3,"minecraft:tall_grass":3,"minecraft:cobblestone":5,"minecraft:stone":211,"minecraft:diorite":18,"minecraft:oak_leaves":14,"minecraft:wall_torch":2},"minecraft:dropped":{"minecraft:cooked_porkchop":2},"minecraft:crafted":{"minecraft:cooked_beef":7,"minecraft:oak_planks":72,"minecraft:charcoal":8,"minecraft:cooked_porkchop":11,"minecraft:crafting_table":1,"minecraft:stick":24,"minecraft:wooden_pickaxe":1,"minecraft:stone_pickaxe":3,"minecraft:wooden_axe":1,"minecraft:furnace":1,"minecraft:torch":36,"minecraft:stone_axe":1},"minecraft:used":{"minecraft:oak_log":1,"minecraft:wooden_axe":39,"minecraft:diorite":3,"minecraft:stone_pickaxe":253,"minecraft:wooden_pickaxe":9,"minecraft:stone_axe":37,"minecraft:torch":19,"minecraft:dirt":7,"minecraft:cobblestone":3,"minecraft:crafting_table":4,"minecraft:furnace":1,"minecraft:cooked_porkchop":3},"minecraft:picked_up":{"minecraft:raw_iron":2,"minecraft:crafting_table":5,"minecraft:leather":7,"minecraft:torch":5,"minecraft:gravel":4,"minecraft:porkchop":8,"minecraft:oak_log":33,"minecraft:diorite":35,"minecraft:dirt":28,"minecraft:raw_copper":10,"minecraft:wheat_seeds":1,"minecraft:peony":1,"minecraft:beef":8,"minecraft:oak_sapling":1,"minecraft:mutton":8,"minecraft:coal":15,"minecraft:white_wool":5,"minecraft:cobblestone":252,"minecraft:furnace":1},"minecraft:custom":{"minecraft:time_since_rest":28851,"minecraft:sprint_one_cm":104922,"minecraft:interact_with_furnace":17,"minecraft:damage_taken":341,"minecraft:walk_one_cm":86787,"minecraft:mob_kills":14,"minecraft:drop":2,"minecraft:damage_dealt":1587,"minecraft:swim_one_cm":381,"minecraft:interact_with_crafting_table":9,"minecraft:fly_one_cm":90968,"minecraft:play_time":33021,"minecraft:deaths":1,"minecraft:walk_under_water_one_cm":50,"minecraft:damage_dealt_resisted":23,"minecraft:jump":532,"minecraft:leave_game":3,"minecraft:walk_on_water_one_cm":3938,"minecraft:time_since_death":28829,"minecraft:total_world_time":33021,"minecraft:fall_one_cm":8128},"minecraft:killed":{"minecraft:sheep":5,"minecraft:pig":3,"endofherobrine:sheep":1,"minecraft:cow":5},"minecraft:killed_by":{"apollyon:the_damned":1}},"DataVersion":3465}