{"stats":{"minecraft:mined":{"minecraft:grass":1,"minecraft:oak_leaves":1},"minecraft:picked_up":{"minecraft:peony":1},"minecraft:custom":{"minecraft:jump":24,"minecraft:time_since_rest":671,"minecraft:damage_dealt":22,"minecraft:leave_game":1,"minecraft:deaths":1,"minecraft:sprint_one_cm":1025,"minecraft:play_time":4841,"minecraft:damage_taken":260,"minecraft:time_since_death":649,"minecraft:walk_one_cm":2637,"minecraft:total_world_time":4841,"minecraft:fall_one_cm":993,"minecraft:fly_one_cm":2162},"minecraft:killed_by":{"apollyon:the_damned":1}},"DataVersion":3465}