{"stats":{"minecraft:mined":{"minecraft:grass":3,"minecraft:oak_log":19,"minecraft:tall_grass":3,"minecraft:stone":2,"minecraft:birch_leaves":1,"minecraft:oak_leaves":11,"minecraft:crafting_table":2},"minecraft:crafted":{"minecraft:oak_planks":72,"minecraft:crafting_table":1,"minecraft:stick":4,"minecraft:wooden_pickaxe":1,"minecraft:wooden_axe":1},"minecraft:used":{"minecraft:oak_log":1,"minecraft:wooden_axe":39,"minecraft:crafting_table":2,"minecraft:wooden_pickaxe":2},"minecraft:picked_up":{"minecraft:crafting_table":2,"minecraft:leather":5,"minecraft:peony":1,"minecraft:beef":7,"minecraft:porkchop":8,"minecraft:oak_log":19,"minecraft:oak_sapling":1,"minecraft:cobblestone":2},"minecraft:custom":{"minecraft:time_since_rest":7359,"minecraft:deaths":1,"minecraft:sprint_one_cm":37175,"minecraft:play_time":11529,"minecraft:damage_taken":266,"minecraft:walk_one_cm":23803,"minecraft:mob_kills":7,"minecraft:jump":184,"minecraft:damage_dealt":764,"minecraft:leave_game":2,"minecraft:time_since_death":7337,"minecraft:total_world_time":11529,"minecraft:interact_with_crafting_table":3,"minecraft:fall_one_cm":4726,"minecraft:fly_one_cm":33557},"minecraft:killed":{"minecraft:pig":3,"minecraft:cow":4},"minecraft:killed_by":{"apollyon:the_damned":1}},"DataVersion":3465}