{"stats":{"minecraft:broken":{"minecraft:stone_pickaxe":1},"minecraft:mined":{"minecraft:furnace":1,"minecraft:birch_leaves":1,"minecraft:torch":1,"minecraft:crafting_table":5,"minecraft:grass":3,"minecraft:grass_block":1,"minecraft:oak_log":34,"minecraft:gravel":4,"minecraft:dirt":23,"minecraft:copper_ore":3,"minecraft:tall_grass":3,"minecraft:cobblestone":5,"minecraft:stone":211,"minecraft:diorite":18,"minecraft:oak_leaves":13,"minecraft:wall_torch":2},"minecraft:dropped":{"minecraft:cooked_porkchop":2},"minecraft:crafted":{"minecraft:cooked_beef":7,"minecraft:oak_planks":72,"minecraft:charcoal":8,"minecraft:cooked_porkchop":11,"minecraft:crafting_table":1,"minecraft:stick":24,"minecraft:wooden_pickaxe":1,"minecraft:stone_pickaxe":3,"minecraft:wooden_axe":1,"minecraft:furnace":1,"minecraft:torch":36,"minecraft:stone_axe":1},"minecraft:used":{"minecraft:oak_log":1,"minecraft:wooden_axe":39,"minecraft:diorite":3,"minecraft:stone_pickaxe":247,"minecraft:wooden_pickaxe":9,"minecraft:stone_axe":26,"minecraft:torch":19,"minecraft:dirt":7,"minecraft:cobblestone":3,"minecraft:crafting_table":4,"minecraft:furnace":1,"minecraft:cooked_porkchop":2},"minecraft:picked_up":{"minecraft:raw_iron":2,"minecraft:crafting_table":5,"minecraft:leather":5,"minecraft:torch":5,"minecraft:gravel":4,"minecraft:porkchop":8,"minecraft:oak_log":33,"minecraft:diorite":35,"minecraft:dirt":28,"minecraft:raw_copper":10,"minecraft:peony":1,"minecraft:beef":7,"minecraft:oak_sapling":1,"minecraft:mutton":3,"minecraft:coal":9,"minecraft:white_wool":2,"minecraft:cobblestone":252,"minecraft:furnace":1},"minecraft:custom":{"minecraft:time_since_rest":25359,"minecraft:sprint_one_cm":60330,"minecraft:interact_with_furnace":17,"minecraft:damage_taken":341,"minecraft:walk_one_cm":72532,"minecraft:mob_kills":9,"minecraft:drop":2,"minecraft:damage_dealt":1186,"minecraft:interact_with_crafting_table":9,"minecraft:fly_one_cm":49918,"minecraft:play_time":29529,"minecraft:deaths":1,"minecraft:damage_dealt_resisted":7,"minecraft:jump":392,"minecraft:leave_game":2,"minecraft:walk_on_water_one_cm":2207,"minecraft:time_since_death":25337,"minecraft:total_world_time":29529,"minecraft:fall_one_cm":5771},"minecraft:killed":{"minecraft:sheep":2,"minecraft:pig":3,"minecraft:cow":4},"minecraft:killed_by":{"apollyon:the_damned":1}},"DataVersion":3465}