{"stats":{"minecraft:broken":{"minecraft:stone_pickaxe":1},"minecraft:mined":{"minecraft:iron_ore":8,"minecraft:crafting_table":3,"minecraft:grass":4,"minecraft:coal_ore":24,"minecraft:grass_block":1,"minecraft:oak_log":11,"minecraft:dirt":7,"minecraft:cobblestone":20,"minecraft:stone":143,"minecraft:diorite":19,"minecraft:wall_torch":13},"minecraft:dropped":{"minecraft:wooden_axe":1,"minecraft:wooden_sword":1,"minecraft:wooden_pickaxe":1},"minecraft:crafted":{"minecraft:wooden_sword":1,"minecraft:oak_planks":52,"minecraft:charcoal":2,"minecraft:crafting_table":1,"minecraft:stick":20,"minecraft:wooden_pickaxe":1,"minecraft:stone_pickaxe":2,"minecraft:wooden_axe":1,"minecraft:stone_sword":1,"minecraft:torch":24,"minecraft:stone_axe":1,"minecraft:air":0},"minecraft:used":{"minecraft:wooden_axe":1,"minecraft:stone_sword":7,"minecraft:stone_pickaxe":198,"minecraft:wooden_pickaxe":17,"minecraft:torch":8,"minecraft:wooden_sword":6,"minecraft:dirt":4,"minecraft:cobblestone":31,"minecraft:crafting_table":4,"minecraft:cooked_porkchop":1},"minecraft:custom":{"minecraft:time_since_rest":22613,"minecraft:interact_with_furnace":7,"minecraft:sprint_one_cm":36680,"minecraft:damage_taken":60,"minecraft:walk_one_cm":63743,"minecraft:mob_kills":3,"minecraft:drop":3,"minecraft:damage_dealt":327,"minecraft:interact_with_crafting_table":7,"minecraft:fly_one_cm":64977,"minecraft:crouch_one_cm":1606,"minecraft:play_time":22613,"minecraft:sneak_time":1081,"minecraft:walk_under_water_one_cm":1314,"minecraft:damage_dealt_resisted":14,"minecraft:jump":342,"minecraft:leave_game":1,"minecraft:walk_on_water_one_cm":1231,"minecraft:time_since_death":22613,"minecraft:total_world_time":22613,"minecraft:fall_one_cm":9250},"minecraft:picked_up":{"born_in_chaos_v1:fused_bone":2,"minecraft:raw_iron":6,"minecraft:crafting_table":3,"minecraft:chicken":1,"minecraft:cooked_porkchop":2,"minecraft:torch":11,"minecraft:porkchop":3,"minecraft:oak_log":11,"minecraft:diorite":2,"minecraft:dirt":4,"minecraft:coal":24,"minecraft:cobblestone":127},"minecraft:killed":{"minecraft:pig":1,"minecraft:chicken":1,"endofherobrine:sheep":1}},"DataVersion":3465}