{"stats":{"minecraft:mined":{"minecraft:crafting_table":3,"minecraft:grass":4,"minecraft:coal_ore":10,"minecraft:grass_block":1,"minecraft:oak_log":11,"minecraft:dirt":6,"minecraft:cobblestone":7,"minecraft:stone":50,"minecraft:wall_torch":1},"minecraft:dropped":{"minecraft:wooden_axe":1,"minecraft:wooden_sword":1,"minecraft:wooden_pickaxe":1},"minecraft:crafted":{"minecraft:wooden_sword":1,"minecraft:oak_planks":44,"minecraft:crafting_table":1,"minecraft:stick":12,"minecraft:wooden_pickaxe":1,"minecraft:stone_pickaxe":2,"minecraft:wooden_axe":1,"minecraft:stone_sword":1,"minecraft:stone_axe":1},"minecraft:used":{"minecraft:wooden_axe":1,"minecraft:stone_sword":1,"minecraft:stone_pickaxe":50,"minecraft:wooden_pickaxe":17,"minecraft:torch":1,"minecraft:wooden_sword":6,"minecraft:dirt":3,"minecraft:cobblestone":10,"minecraft:crafting_table":4,"minecraft:cooked_porkchop":1},"minecraft:picked_up":{"minecraft:crafting_table":3,"minecraft:chicken":1,"minecraft:cooked_porkchop":2,"minecraft:torch":1,"minecraft:porkchop":3,"minecraft:oak_log":11,"minecraft:dirt":3,"minecraft:coal":6,"minecraft:cobblestone":57},"minecraft:custom":{"minecraft:time_since_rest":10613,"minecraft:interact_with_furnace":6,"minecraft:sprint_one_cm":22115,"minecraft:damage_taken":50,"minecraft:walk_one_cm":33414,"minecraft:mob_kills":2,"minecraft:drop":3,"minecraft:damage_dealt":157,"minecraft:interact_with_crafting_table":5,"minecraft:fly_one_cm":44884,"minecraft:crouch_one_cm":489,"minecraft:play_time":10613,"minecraft:sneak_time":162,"minecraft:jump":157,"minecraft:leave_game":1,"minecraft:time_since_death":10613,"minecraft:total_world_time":10613,"minecraft:fall_one_cm":7520},"minecraft:killed":{"minecraft:pig":1,"minecraft:chicken":1}},"DataVersion":3465}