{"stats":{"minecraft:mined":{"minecraft:grass_block":1,"minecraft:grass":4,"minecraft:oak_log":11,"minecraft:crafting_table":2},"minecraft:crafted":{"minecraft:wooden_sword":1,"minecraft:oak_planks":44,"minecraft:crafting_table":1,"minecraft:stick":8,"minecraft:wooden_pickaxe":1,"minecraft:wooden_axe":1},"minecraft:used":{"minecraft:wooden_axe":1,"minecraft:dirt":1,"minecraft:wooden_sword":6,"minecraft:crafting_table":2},"minecraft:picked_up":{"minecraft:crafting_table":2,"minecraft:chicken":1,"minecraft:porkchop":3,"minecraft:oak_log":11,"minecraft:dirt":1},"minecraft:custom":{"minecraft:time_since_rest":4613,"minecraft:crouch_one_cm":211,"minecraft:sprint_one_cm":16619,"minecraft:play_time":4613,"minecraft:damage_taken":40,"minecraft:walk_one_cm":9209,"minecraft:sneak_time":98,"minecraft:mob_kills":2,"minecraft:jump":130,"minecraft:damage_dealt":147,"minecraft:leave_game":1,"minecraft:time_since_death":4613,"minecraft:total_world_time":4613,"minecraft:fall_one_cm":6684,"minecraft:interact_with_crafting_table":2,"minecraft:fly_one_cm":40850},"minecraft:killed":{"minecraft:pig":1,"minecraft:chicken":1}},"DataVersion":3465}