{"stats":{"minecraft:broken":{"minecraft:stone_pickaxe":1},"minecraft:mined":{"minecraft:iron_ore":8,"minecraft:crafting_table":3,"minecraft:grass":6,"minecraft:coal_ore":26,"minecraft:grass_block":1,"minecraft:oak_log":11,"minecraft:dirt":7,"minecraft:cobblestone":20,"minecraft:stone":144,"minecraft:diorite":19,"minecraft:wall_torch":13},"minecraft:dropped":{"minecraft:diorite":2,"minecraft:wooden_axe":1,"minecraft:wooden_sword":1,"minecraft:wooden_pickaxe":1},"minecraft:crafted":{"minecraft:wooden_sword":1,"minecraft:oak_planks":52,"minecraft:charcoal":2,"minecraft:crafting_table":1,"minecraft:stick":20,"minecraft:wooden_pickaxe":1,"minecraft:stone_pickaxe":2,"minecraft:wooden_axe":1,"minecraft:stone_sword":1,"minecraft:torch":24,"minecraft:stone_axe":1,"minecraft:air":0},"minecraft:used":{"minecraft:wooden_axe":1,"minecraft:stone_sword":16,"minecraft:stone_pickaxe":201,"minecraft:wooden_pickaxe":17,"minecraft:torch":9,"minecraft:mutton":1,"minecraft:wooden_sword":6,"minecraft:dirt":4,"minecraft:cobblestone":31,"minecraft:crafting_table":4,"minecraft:cooked_porkchop":2},"minecraft:custom":{"minecraft:time_since_rest":26105,"minecraft:interact_with_furnace":7,"minecraft:sprint_one_cm":64836,"minecraft:damage_taken":85,"minecraft:walk_one_cm":74719,"minecraft:mob_kills":5,"minecraft:drop":5,"minecraft:damage_dealt":468,"minecraft:interact_with_crafting_table":7,"minecraft:fly_one_cm":138006,"minecraft:crouch_one_cm":2549,"minecraft:play_time":26105,"minecraft:sneak_time":1254,"minecraft:walk_under_water_one_cm":1744,"minecraft:damage_dealt_resisted":19,"minecraft:jump":545,"minecraft:leave_game":2,"minecraft:walk_on_water_one_cm":2416,"minecraft:time_since_death":26105,"minecraft:total_world_time":26105,"minecraft:fall_one_cm":15454},"minecraft:picked_up":{"born_in_chaos_v1:fused_bone":2,"minecraft:raw_iron":6,"minecraft:crafting_table":3,"minecraft:chicken":2,"minecraft:cooked_porkchop":2,"minecraft:torch":11,"minecraft:porkchop":3,"minecraft:oak_log":11,"minecraft:diorite":2,"minecraft:dirt":4,"minecraft:mutton":3,"minecraft:coal":26,"minecraft:white_wool":1,"minecraft:cobblestone":128},"minecraft:killed":{"minecraft:sheep":1,"minecraft:pig":1,"minecraft:chicken":2,"endofherobrine:sheep":1}},"DataVersion":3465}